{"cameraMode":{"drawMode":0,"name":"Shaded","section":"Shading Mode"},"sceneLighting":true,"audioPlay":false,"sceneViewState":{"m_AlwaysRefresh":false,"showFog":true,"showSkybox":true,"showFlares":true,"showImageEffects":true,"showParticleSystems":true,"showVisualEffectGraphs":true,"m_FxEnabled":true},"in2DMode":false,"pivot":{"x":964.30810546875,"y":578.5774536132813,"z":-693.6809692382813},"rotation":{"x":-0.04379413276910782,"y":0.008089370094239712,"z":-0.00035467022098600864,"w":-0.9990071058273315},"size":478.1529541015625,"orthographic":false}